{"nX": 10, "DX": 2, "DY": 10, "matern": 5, "meanfunction": 0, "X": [[0.840713154639258, 0.4220997325854948], [0.2775870714476037, 0.0], [1.0, 0.5823366907955831], [0.25442062983655794, 0.7366157685759013], [0.558536872258778, 0.6604970162917063], [0.1313701895383268, 0.9004603543156473], [0.696556018158763, 0.3454429799443006], [0.0, 0.173917414745052], [0.39324060113145287, 1.0], [0.607419179767072, 0.19981902217464892]], "Y": [0.48961500875452124, -0.11250827513544637, -0.07734653696975705, 0.4607917698174699, 1.3308799753114726, -0.05693371242910052, 0.6143019404132564, -0.09186873448219535, 0.15332836886232087, -2.7102598041425416], "K": [[0.49275627732276917, 0.23529182029746226, 0.44422307927860577, 0.2655030585361144, 0.3851672706125481, 0.1822572759373511, 0.47059360937573264, 0.20182723442838507, 0.19932685931203908, 0.4040112003108603], [0.23529182029746226, 0.49275627732276917, 0.15033122470783372, 0.16777238225461177, 0.18671408895419533, 0.10994609002209627, 0.3028976321799821, 0.4110781101080232, 0.08508560482362944, 0.3866171611826118], [0.4442230792786057, 0.15033122470783372, 0.49275627732276917, 0.24827405968498334, 0.376883191522347, 0.18108849454476905, 0.38012045619055707, 0.13342991099523008, 0.22579290253004114, 0.2935178544415458], [0.2655030585361144, 0.16777238225461177, 0.24827405968498334, 0.49275627732276917, 0.4276803203814939, 0.4489728146572044, 0.27770033000219957, 0.2325928840108817, 0.4025249881958273, 0.23140320359182176], [0.3851672706125481, 0.18671408895419533, 0.376883191522347, 0.4276803203814939, 0.49275627732276917, 0.3415499404765173, 0.3759183119723918, 0.21308093573850734, 0.359335431792216, 0.30150822380167874], [0.1822572759373511, 0.10994609002209627, 0.18108849454476905, 0.4489728146572044, 0.3415499404765173, 0.49275627732276917, 0.18745195497762493, 0.16940047594614502, 0.43665673990835074, 0.15096897753440588], [0.47059360937573264, 0.3028976321799821, 0.380120456190557, 0.27770033000219957, 0.3759183119723918, 0.18745195497762493, 0.49275627732276917, 0.26324405124352107, 0.18701728510732007, 0.4600077023217755], [0.20182723442838507, 0.4110781101080232, 0.13342991099523008, 0.2325928840108817, 0.21308093573850734, 0.16940047594614502, 0.26324405124352107, 0.49275627732276917, 0.11968564252863219, 0.31378724078438175], [0.19932685931203908, 0.08508560482362948, 0.22579290253004114, 0.4025249881958273, 0.359335431792216, 0.43665673990835074, 0.18701728510732007, 0.11968564252863219, 0.49275627732276917, 0.13874111850696896], [0.4040112003108603, 0.3866171611826118, 0.2935178544415458, 0.23140320359182176, 0.30150822380167874, 0.15096897753440588, 0.4600077023217755, 0.31378724078438175, 0.13874111850696896, 0.49275627732276917]], "invK": [[159.58255358075027, -8.15366775200322, -56.58117963171629, 1.4685430507572002, 14.383064954526414, -4.035337557192708, -166.24619649433458, 6.989124672471862, 1.624901335802929, 51.29424304505276], [-8.153667752003068, 16.267296118989652, 1.6133629317052147, 4.226370004379457, -4.2433533394758465, -1.0232868479157113, 23.258203866912922, -8.699817815823632, -0.15244860046941539, -22.243468720166874], [-56.58117963171622, 1.6133629317052507, 29.259497595523346, 5.689600880525361, -11.49159750477871, -0.47963852252139655, 48.149846428781984, -1.9648687667569054, -1.3046064313496288, -11.128474272249177], [1.468543050756897, 4.226370004379456, 5.689600880525475, 51.722233983801345, -34.1551958903847, -34.54969762310488, 6.594245335462395, -5.4037176892651875, 9.901706269106919, -6.217150450278662], [14.38306495452687, -4.243353339475908, -11.491597504778868, -34.15519589038468, 38.486889864304, 20.589154888749725, -33.84421543719524, 2.776526414752063, -10.981883610966387, 17.48289700729528], [-4.035337557192368, -1.0232868479157204, -0.47963852252150935, -34.54969762310489, 20.58915488874975, 34.46279190539938, -1.7407324369207173, 1.1801940138548208, -15.70496861431771, 2.7607328657739694], [-166.2461964943349, 23.258203866913203, 48.149846428782176, 6.594245335462124, -33.844215437194755, -1.7407324369203558, 237.00522099149427, -11.352333866664084, 5.212259896906982, -107.97127390522327], [6.989124672471715, -8.699817815823614, -1.9648687667568705, -5.403717689265178, 2.7765264147520097, 1.1801940138548088, -11.352333866663832, 9.097667270827992, 0.9696471144256695, 7.274502596997014], [1.6249013358026372, -0.1524486004693821, -1.3046064313495334, 9.901706269106947, -10.981883610966436, -15.704968614317725, 5.21225989690735, 0.9696471144256478, 14.49764174185125, -3.119535524799431], [51.294243045052895, -22.243468720166995, -11.128474272249255, -6.2171504502786, 17.482897007295094, 2.760732865773848, -107.97127390522323, 7.274502596997138, -3.119535524799277, 72.47211497959337]], "problemLowerBound": [-2.708152075165548, -2.8722881909883875], "problemUpperBound": [2.990153987362726, 2.875621704343205], "stdOfOutput": 1.6364426726740995, "meanOfOutput": 0.1540811823682425, "sf2": 0.49275627732276917, "ell": [0.7490448951721191, 0.5418363213539124]}